,Year,state_abbr,offense,crime_reported,latitude,longitude,state
0,2014,CT,aggravated-assault,929,41.603221000000005,-73.087749,Connecticut
1,2014,CT,arson,65,41.603221000000005,-73.087749,Connecticut
2,2014,CT,burglary,2691,41.603221000000005,-73.087749,Connecticut
3,2014,CT,homicide,19,41.603221000000005,-73.087749,Connecticut
4,2014,CT,larceny,8971,41.603221000000005,-73.087749,Connecticut
5,2014,CT,motor-vehicle-theft,1395,41.603221000000005,-73.087749,Connecticut
6,2014,CT,property-crime,13057,41.603221000000005,-73.087749,Connecticut
7,2014,CT,rape,122,41.603221000000005,-73.087749,Connecticut
8,2014,CT,rape-legacy,0,41.603221000000005,-73.087749,Connecticut
9,2014,CT,robbery,770,41.603221000000005,-73.087749,Connecticut
10,2014,CT,violent-crime,1925,41.603221000000005,-73.087749,Connecticut
11,2015,CT,aggravated-assault,725,41.603221000000005,-73.087749,Connecticut
12,2015,CT,arson,30,41.603221000000005,-73.087749,Connecticut
13,2015,CT,burglary,2015,41.603221000000005,-73.087749,Connecticut
14,2015,CT,homicide,24,41.603221000000005,-73.087749,Connecticut
15,2015,CT,larceny,8548,41.603221000000005,-73.087749,Connecticut
16,2015,CT,motor-vehicle-theft,1287,41.603221000000005,-73.087749,Connecticut
17,2015,CT,property-crime,11850,41.603221000000005,-73.087749,Connecticut
18,2015,CT,rape,111,41.603221000000005,-73.087749,Connecticut
19,2015,CT,rape-legacy,0,41.603221000000005,-73.087749,Connecticut
20,2015,CT,robbery,690,41.603221000000005,-73.087749,Connecticut
21,2015,CT,violent-crime,1639,41.603221000000005,-73.087749,Connecticut
22,2016,CT,aggravated-assault,858,41.603221000000005,-73.087749,Connecticut
23,2016,CT,arson,34,41.603221000000005,-73.087749,Connecticut
24,2016,CT,burglary,1800,41.603221000000005,-73.087749,Connecticut
25,2016,CT,homicide,15,41.603221000000005,-73.087749,Connecticut
26,2016,CT,larceny,8131,41.603221000000005,-73.087749,Connecticut
27,2016,CT,motor-vehicle-theft,1548,41.603221000000005,-73.087749,Connecticut
28,2016,CT,property-crime,11479,41.603221000000005,-73.087749,Connecticut
29,2016,CT,rape,98,41.603221000000005,-73.087749,Connecticut
30,2016,CT,rape-legacy,0,41.603221000000005,-73.087749,Connecticut
31,2016,CT,robbery,667,41.603221000000005,-73.087749,Connecticut
32,2016,CT,violent-crime,1714,41.603221000000005,-73.087749,Connecticut
33,2017,CT,aggravated-assault,925,41.603221000000005,-73.087749,Connecticut
34,2017,CT,arson,37,41.603221000000005,-73.087749,Connecticut
35,2017,CT,burglary,1448,41.603221000000005,-73.087749,Connecticut
36,2017,CT,homicide,25,41.603221000000005,-73.087749,Connecticut
37,2017,CT,larceny,8382,41.603221000000005,-73.087749,Connecticut
38,2017,CT,motor-vehicle-theft,1480,41.603221000000005,-73.087749,Connecticut
39,2017,CT,property-crime,11310,41.603221000000005,-73.087749,Connecticut
40,2017,CT,rape,109,41.603221000000005,-73.087749,Connecticut
41,2017,CT,rape-legacy,21,41.603221000000005,-73.087749,Connecticut
42,2017,CT,robbery,793,41.603221000000005,-73.087749,Connecticut
43,2017,CT,violent-crime,1988,41.603221000000005,-73.087749,Connecticut
44,2018,CT,aggravated-assault,813,41.603221000000005,-73.087749,Connecticut
45,2018,CT,arson,37,41.603221000000005,-73.087749,Connecticut
46,2018,CT,burglary,1454,41.603221000000005,-73.087749,Connecticut
47,2018,CT,homicide,14,41.603221000000005,-73.087749,Connecticut
48,2018,CT,larceny,7721,41.603221000000005,-73.087749,Connecticut
49,2018,CT,motor-vehicle-theft,1515,41.603221000000005,-73.087749,Connecticut
50,2018,CT,property-crime,10690,41.603221000000005,-73.087749,Connecticut
51,2018,CT,rape,113,41.603221000000005,-73.087749,Connecticut
52,2018,CT,rape-legacy,67,41.603221000000005,-73.087749,Connecticut
53,2018,CT,robbery,522,41.603221000000005,-73.087749,Connecticut
54,2018,CT,violent-crime,1642,41.603221000000005,-73.087749,Connecticut
55,2014,DE,aggravated-assault,307,38.910832,-75.52767,Delaware
56,2014,DE,arson,145,38.910832,-75.52767,Delaware
57,2014,DE,burglary,306,38.910832,-75.52767,Delaware
58,2014,DE,homicide,1,38.910832,-75.52767,Delaware
59,2014,DE,larceny,3060,38.910832,-75.52767,Delaware
60,2014,DE,motor-vehicle-theft,111,38.910832,-75.52767,Delaware
61,2014,DE,property-crime,3477,38.910832,-75.52767,Delaware
62,2014,DE,rape,31,38.910832,-75.52767,Delaware
63,2014,DE,rape-legacy,0,38.910832,-75.52767,Delaware
64,2014,DE,robbery,99,38.910832,-75.52767,Delaware
65,2014,DE,violent-crime,455,38.910832,-75.52767,Delaware
66,2015,DE,aggravated-assault,1098,38.910832,-75.52767,Delaware
67,2015,DE,arson,107,38.910832,-75.52767,Delaware
68,2015,DE,burglary,1403,38.910832,-75.52767,Delaware
69,2015,DE,homicide,18,38.910832,-75.52767,Delaware
70,2015,DE,larceny,6145,38.910832,-75.52767,Delaware
71,2015,DE,motor-vehicle-theft,452,38.910832,-75.52767,Delaware
72,2015,DE,property-crime,8000,38.910832,-75.52767,Delaware
73,2015,DE,rape,27,38.910832,-75.52767,Delaware
74,2015,DE,rape-legacy,0,38.910832,-75.52767,Delaware
75,2015,DE,robbery,304,38.910832,-75.52767,Delaware
76,2015,DE,violent-crime,1539,38.910832,-75.52767,Delaware
77,2016,DE,aggravated-assault,349,38.910832,-75.52767,Delaware
78,2016,DE,arson,152,38.910832,-75.52767,Delaware
79,2016,DE,burglary,242,38.910832,-75.52767,Delaware
80,2016,DE,homicide,2,38.910832,-75.52767,Delaware
81,2016,DE,larceny,2521,38.910832,-75.52767,Delaware
82,2016,DE,motor-vehicle-theft,103,38.910832,-75.52767,Delaware
83,2016,DE,property-crime,2866,38.910832,-75.52767,Delaware
84,2016,DE,rape,22,38.910832,-75.52767,Delaware
85,2016,DE,rape-legacy,0,38.910832,-75.52767,Delaware
86,2016,DE,robbery,93,38.910832,-75.52767,Delaware
87,2016,DE,violent-crime,468,38.910832,-75.52767,Delaware
88,2017,DE,aggravated-assault,1067,38.910832,-75.52767,Delaware
89,2017,DE,arson,117,38.910832,-75.52767,Delaware
90,2017,DE,burglary,1192,38.910832,-75.52767,Delaware
91,2017,DE,homicide,9,38.910832,-75.52767,Delaware
92,2017,DE,larceny,5718,38.910832,-75.52767,Delaware
93,2017,DE,motor-vehicle-theft,481,38.910832,-75.52767,Delaware
94,2017,DE,property-crime,7391,38.910832,-75.52767,Delaware
95,2017,DE,rape,27,38.910832,-75.52767,Delaware
96,2017,DE,rape-legacy,15,38.910832,-75.52767,Delaware
97,2017,DE,robbery,254,38.910832,-75.52767,Delaware
98,2017,DE,violent-crime,1489,38.910832,-75.52767,Delaware
99,2018,DE,aggravated-assault,1048,38.910832,-75.52767,Delaware
100,2018,DE,arson,86,38.910832,-75.52767,Delaware
101,2018,DE,burglary,1023,38.910832,-75.52767,Delaware
102,2018,DE,homicide,13,38.910832,-75.52767,Delaware
103,2018,DE,larceny,6127,38.910832,-75.52767,Delaware
104,2018,DE,motor-vehicle-theft,578,38.910832,-75.52767,Delaware
105,2018,DE,property-crime,7728,38.910832,-75.52767,Delaware
106,2018,DE,rape,32,38.910832,-75.52767,Delaware
107,2018,DE,rape-legacy,23,38.910832,-75.52767,Delaware
108,2018,DE,robbery,216,38.910832,-75.52767,Delaware
109,2018,DE,violent-crime,1495,38.910832,-75.52767,Delaware
110,2014,FL,aggravated-assault,1932,27.664827000000002,-81.515754,Florida
111,2014,FL,arson,58,27.664827000000002,-81.515754,Florida
112,2014,FL,burglary,2760,27.664827000000002,-81.515754,Florida
113,2014,FL,homicide,20,27.664827000000002,-81.515754,Florida
114,2014,FL,larceny,11811,27.664827000000002,-81.515754,Florida
115,2014,FL,motor-vehicle-theft,849,27.664827000000002,-81.515754,Florida
116,2014,FL,property-crime,15420,27.664827000000002,-81.515754,Florida
117,2014,FL,rape,206,27.664827000000002,-81.515754,Florida
118,2014,FL,rape-legacy,0,27.664827000000002,-81.515754,Florida
119,2014,FL,robbery,389,27.664827000000002,-81.515754,Florida
120,2014,FL,violent-crime,2602,27.664827000000002,-81.515754,Florida
121,2015,FL,aggravated-assault,1944,27.664827000000002,-81.515754,Florida
122,2015,FL,arson,29,27.664827000000002,-81.515754,Florida
123,2015,FL,burglary,2642,27.664827000000002,-81.515754,Florida
124,2015,FL,homicide,12,27.664827000000002,-81.515754,Florida
125,2015,FL,larceny,11496,27.664827000000002,-81.515754,Florida
126,2015,FL,motor-vehicle-theft,812,27.664827000000002,-81.515754,Florida
127,2015,FL,property-crime,14950,27.664827000000002,-81.515754,Florida
128,2015,FL,rape,223,27.664827000000002,-81.515754,Florida
129,2015,FL,rape-legacy,0,27.664827000000002,-81.515754,Florida
130,2015,FL,robbery,493,27.664827000000002,-81.515754,Florida
131,2015,FL,violent-crime,2717,27.664827000000002,-81.515754,Florida
132,2016,FL,aggravated-assault,1853,27.664827000000002,-81.515754,Florida
133,2016,FL,arson,43,27.664827000000002,-81.515754,Florida
134,2016,FL,burglary,2589,27.664827000000002,-81.515754,Florida
135,2016,FL,homicide,16,27.664827000000002,-81.515754,Florida
136,2016,FL,larceny,11384,27.664827000000002,-81.515754,Florida
137,2016,FL,motor-vehicle-theft,1000,27.664827000000002,-81.515754,Florida
138,2016,FL,property-crime,14973,27.664827000000002,-81.515754,Florida
139,2016,FL,rape,260,27.664827000000002,-81.515754,Florida
140,2016,FL,rape-legacy,0,27.664827000000002,-81.515754,Florida
141,2016,FL,robbery,420,27.664827000000002,-81.515754,Florida
142,2016,FL,violent-crime,2600,27.664827000000002,-81.515754,Florida
143,2017,FL,aggravated-assault,1897,27.664827000000002,-81.515754,Florida
144,2017,FL,arson,31,27.664827000000002,-81.515754,Florida
145,2017,FL,burglary,2427,27.664827000000002,-81.515754,Florida
146,2017,FL,homicide,20,27.664827000000002,-81.515754,Florida
147,2017,FL,larceny,11077,27.664827000000002,-81.515754,Florida
148,2017,FL,motor-vehicle-theft,1040,27.664827000000002,-81.515754,Florida
149,2017,FL,property-crime,14544,27.664827000000002,-81.515754,Florida
150,2017,FL,rape,298,27.664827000000002,-81.515754,Florida
151,2017,FL,rape-legacy,0,27.664827000000002,-81.515754,Florida
152,2017,FL,robbery,398,27.664827000000002,-81.515754,Florida
153,2017,FL,violent-crime,2647,27.664827000000002,-81.515754,Florida
154,2018,FL,aggravated-assault,1801,27.664827000000002,-81.515754,Florida
155,2018,FL,arson,34,27.664827000000002,-81.515754,Florida
156,2018,FL,burglary,2295,27.664827000000002,-81.515754,Florida
157,2018,FL,homicide,22,27.664827000000002,-81.515754,Florida
158,2018,FL,larceny,10354,27.664827000000002,-81.515754,Florida
159,2018,FL,motor-vehicle-theft,1131,27.664827000000002,-81.515754,Florida
160,2018,FL,property-crime,13780,27.664827000000002,-81.515754,Florida
161,2018,FL,rape,285,27.664827000000002,-81.515754,Florida
162,2018,FL,rape-legacy,0,27.664827000000002,-81.515754,Florida
163,2018,FL,robbery,440,27.664827000000002,-81.515754,Florida
164,2018,FL,violent-crime,2618,27.664827000000002,-81.515754,Florida
165,2014,GA,aggravated-assault,995,32.157435,-82.907123,Georgia
166,2014,GA,arson,19,32.157435,-82.907123,Georgia
167,2014,GA,burglary,1948,32.157435,-82.907123,Georgia
168,2014,GA,homicide,3,32.157435,-82.907123,Georgia
169,2014,GA,larceny,6634,32.157435,-82.907123,Georgia
170,2014,GA,motor-vehicle-theft,529,32.157435,-82.907123,Georgia
171,2014,GA,property-crime,9111,32.157435,-82.907123,Georgia
172,2014,GA,rape,0,32.157435,-82.907123,Georgia
173,2014,GA,rape-legacy,17,32.157435,-82.907123,Georgia
174,2014,GA,robbery,94,32.157435,-82.907123,Georgia
175,2014,GA,violent-crime,1162,32.157435,-82.907123,Georgia
176,2015,GA,aggravated-assault,906,32.157435,-82.907123,Georgia
177,2015,GA,arson,10,32.157435,-82.907123,Georgia
178,2015,GA,burglary,1736,32.157435,-82.907123,Georgia
179,2015,GA,homicide,12,32.157435,-82.907123,Georgia
180,2015,GA,larceny,5510,32.157435,-82.907123,Georgia
181,2015,GA,motor-vehicle-theft,549,32.157435,-82.907123,Georgia
182,2015,GA,property-crime,7795,32.157435,-82.907123,Georgia
183,2015,GA,rape,0,32.157435,-82.907123,Georgia
184,2015,GA,rape-legacy,27,32.157435,-82.907123,Georgia
185,2015,GA,robbery,105,32.157435,-82.907123,Georgia
186,2015,GA,violent-crime,1095,32.157435,-82.907123,Georgia
187,2016,GA,aggravated-assault,1129,32.157435,-82.907123,Georgia
188,2016,GA,arson,23,32.157435,-82.907123,Georgia
189,2016,GA,burglary,1784,32.157435,-82.907123,Georgia
190,2016,GA,homicide,10,32.157435,-82.907123,Georgia
191,2016,GA,larceny,5918,32.157435,-82.907123,Georgia
192,2016,GA,motor-vehicle-theft,520,32.157435,-82.907123,Georgia
193,2016,GA,property-crime,8222,32.157435,-82.907123,Georgia
194,2016,GA,rape,3,32.157435,-82.907123,Georgia
195,2016,GA,rape-legacy,18,32.157435,-82.907123,Georgia
196,2016,GA,robbery,144,32.157435,-82.907123,Georgia
197,2016,GA,violent-crime,1364,32.157435,-82.907123,Georgia
198,2017,GA,aggravated-assault,756,32.157435,-82.907123,Georgia
199,2017,GA,arson,9,32.157435,-82.907123,Georgia
200,2017,GA,burglary,1260,32.157435,-82.907123,Georgia
201,2017,GA,homicide,9,32.157435,-82.907123,Georgia
202,2017,GA,larceny,4094,32.157435,-82.907123,Georgia
203,2017,GA,motor-vehicle-theft,278,32.157435,-82.907123,Georgia
204,2017,GA,property-crime,5632,32.157435,-82.907123,Georgia
205,2017,GA,rape,21,32.157435,-82.907123,Georgia
206,2017,GA,rape-legacy,0,32.157435,-82.907123,Georgia
207,2017,GA,robbery,70,32.157435,-82.907123,Georgia
208,2017,GA,violent-crime,895,32.157435,-82.907123,Georgia
209,2018,GA,aggravated-assault,865,32.157435,-82.907123,Georgia
210,2018,GA,arson,7,32.157435,-82.907123,Georgia
211,2018,GA,burglary,991,32.157435,-82.907123,Georgia
212,2018,GA,homicide,8,32.157435,-82.907123,Georgia
213,2018,GA,larceny,4507,32.157435,-82.907123,Georgia
214,2018,GA,motor-vehicle-theft,387,32.157435,-82.907123,Georgia
215,2018,GA,property-crime,5885,32.157435,-82.907123,Georgia
216,2018,GA,rape,25,32.157435,-82.907123,Georgia
217,2018,GA,rape-legacy,0,32.157435,-82.907123,Georgia
218,2018,GA,robbery,88,32.157435,-82.907123,Georgia
219,2018,GA,violent-crime,1034,32.157435,-82.907123,Georgia
220,2014,MA,aggravated-assault,798,42.407211,-71.382437,Massachusetts
221,2014,MA,arson,34,42.407211,-71.382437,Massachusetts
222,2014,MA,burglary,1411,42.407211,-71.382437,Massachusetts
223,2014,MA,homicide,3,42.407211,-71.382437,Massachusetts
224,2014,MA,larceny,2919,42.407211,-71.382437,Massachusetts
225,2014,MA,motor-vehicle-theft,190,42.407211,-71.382437,Massachusetts
226,2014,MA,property-crime,4520,42.407211,-71.382437,Massachusetts
227,2014,MA,rape,72,42.407211,-71.382437,Massachusetts
228,2014,MA,rape-legacy,0,42.407211,-71.382437,Massachusetts
229,2014,MA,robbery,78,42.407211,-71.382437,Massachusetts
230,2014,MA,violent-crime,977,42.407211,-71.382437,Massachusetts
231,2015,MA,aggravated-assault,992,42.407211,-71.382437,Massachusetts
232,2015,MA,arson,33,42.407211,-71.382437,Massachusetts
233,2015,MA,burglary,1091,42.407211,-71.382437,Massachusetts
234,2015,MA,homicide,3,42.407211,-71.382437,Massachusetts
235,2015,MA,larceny,2662,42.407211,-71.382437,Massachusetts
236,2015,MA,motor-vehicle-theft,172,42.407211,-71.382437,Massachusetts
237,2015,MA,property-crime,3925,42.407211,-71.382437,Massachusetts
238,2015,MA,rape,74,42.407211,-71.382437,Massachusetts
239,2015,MA,rape-legacy,0,42.407211,-71.382437,Massachusetts
240,2015,MA,robbery,64,42.407211,-71.382437,Massachusetts
241,2015,MA,violent-crime,1171,42.407211,-71.382437,Massachusetts
242,2016,MA,aggravated-assault,705,42.407211,-71.382437,Massachusetts
243,2016,MA,arson,15,42.407211,-71.382437,Massachusetts
244,2016,MA,burglary,910,42.407211,-71.382437,Massachusetts
245,2016,MA,homicide,1,42.407211,-71.382437,Massachusetts
246,2016,MA,larceny,2482,42.407211,-71.382437,Massachusetts
247,2016,MA,motor-vehicle-theft,141,42.407211,-71.382437,Massachusetts
248,2016,MA,property-crime,3533,42.407211,-71.382437,Massachusetts
249,2016,MA,rape,53,42.407211,-71.382437,Massachusetts
250,2016,MA,rape-legacy,0,42.407211,-71.382437,Massachusetts
251,2016,MA,robbery,36,42.407211,-71.382437,Massachusetts
252,2016,MA,violent-crime,822,42.407211,-71.382437,Massachusetts
253,2017,MA,aggravated-assault,675,42.407211,-71.382437,Massachusetts
254,2017,MA,arson,15,42.407211,-71.382437,Massachusetts
255,2017,MA,burglary,817,42.407211,-71.382437,Massachusetts
256,2017,MA,homicide,3,42.407211,-71.382437,Massachusetts
257,2017,MA,larceny,2220,42.407211,-71.382437,Massachusetts
258,2017,MA,motor-vehicle-theft,138,42.407211,-71.382437,Massachusetts
259,2017,MA,property-crime,3175,42.407211,-71.382437,Massachusetts
260,2017,MA,rape,67,42.407211,-71.382437,Massachusetts
261,2017,MA,rape-legacy,45,42.407211,-71.382437,Massachusetts
262,2017,MA,robbery,42,42.407211,-71.382437,Massachusetts
263,2017,MA,violent-crime,894,42.407211,-71.382437,Massachusetts
264,2018,MA,aggravated-assault,569,42.407211,-71.382437,Massachusetts
265,2018,MA,arson,12,42.407211,-71.382437,Massachusetts
266,2018,MA,burglary,548,42.407211,-71.382437,Massachusetts
267,2018,MA,homicide,3,42.407211,-71.382437,Massachusetts
268,2018,MA,larceny,1856,42.407211,-71.382437,Massachusetts
269,2018,MA,motor-vehicle-theft,101,42.407211,-71.382437,Massachusetts
270,2018,MA,property-crime,2505,42.407211,-71.382437,Massachusetts
271,2018,MA,rape,79,42.407211,-71.382437,Massachusetts
272,2018,MA,rape-legacy,61,42.407211,-71.382437,Massachusetts
273,2018,MA,robbery,30,42.407211,-71.382437,Massachusetts
274,2018,MA,violent-crime,806,42.407211,-71.382437,Massachusetts
275,2014,MD,aggravated-assault,4072,39.045755,-76.641271,Maryland
276,2014,MD,arson,262,39.045755,-76.641271,Maryland
277,2014,MD,burglary,5867,39.045755,-76.641271,Maryland
278,2014,MD,homicide,39,39.045755,-76.641271,Maryland
279,2014,MD,larceny,28978,39.045755,-76.641271,Maryland
280,2014,MD,motor-vehicle-theft,2132,39.045755,-76.641271,Maryland
281,2014,MD,property-crime,36977,39.045755,-76.641271,Maryland
282,2014,MD,rape,0,39.045755,-76.641271,Maryland
283,2014,MD,rape-legacy,110,39.045755,-76.641271,Maryland
284,2014,MD,robbery,2103,39.045755,-76.641271,Maryland
285,2014,MD,violent-crime,6420,39.045755,-76.641271,Maryland
286,2015,MD,aggravated-assault,3485,39.045755,-76.641271,Maryland
287,2015,MD,arson,224,39.045755,-76.641271,Maryland
288,2015,MD,burglary,4571,39.045755,-76.641271,Maryland
289,2015,MD,homicide,34,39.045755,-76.641271,Maryland
290,2015,MD,larceny,22285,39.045755,-76.641271,Maryland
291,2015,MD,motor-vehicle-theft,1738,39.045755,-76.641271,Maryland
292,2015,MD,property-crime,28594,39.045755,-76.641271,Maryland
293,2015,MD,rape,349,39.045755,-76.641271,Maryland
294,2015,MD,rape-legacy,0,39.045755,-76.641271,Maryland
295,2015,MD,robbery,1668,39.045755,-76.641271,Maryland
296,2015,MD,violent-crime,5539,39.045755,-76.641271,Maryland
297,2016,MD,aggravated-assault,4649,39.045755,-76.641271,Maryland
298,2016,MD,arson,253,39.045755,-76.641271,Maryland
299,2016,MD,burglary,6037,39.045755,-76.641271,Maryland
300,2016,MD,homicide,61,39.045755,-76.641271,Maryland
301,2016,MD,larceny,29654,39.045755,-76.641271,Maryland
302,2016,MD,motor-vehicle-theft,2755,39.045755,-76.641271,Maryland
303,2016,MD,property-crime,38446,39.045755,-76.641271,Maryland
304,2016,MD,rape,171,39.045755,-76.641271,Maryland
305,2016,MD,rape-legacy,0,39.045755,-76.641271,Maryland
306,2016,MD,robbery,2132,39.045755,-76.641271,Maryland
307,2016,MD,violent-crime,7332,39.045755,-76.641271,Maryland
308,2017,MD,aggravated-assault,5146,39.045755,-76.641271,Maryland
309,2017,MD,arson,278,39.045755,-76.641271,Maryland
310,2017,MD,burglary,5243,39.045755,-76.641271,Maryland
311,2017,MD,homicide,56,39.045755,-76.641271,Maryland
312,2017,MD,larceny,29357,39.045755,-76.641271,Maryland
313,2017,MD,motor-vehicle-theft,2755,39.045755,-76.641271,Maryland
314,2017,MD,property-crime,37355,39.045755,-76.641271,Maryland
315,2017,MD,rape,182,39.045755,-76.641271,Maryland
316,2017,MD,rape-legacy,0,39.045755,-76.641271,Maryland
317,2017,MD,robbery,2229,39.045755,-76.641271,Maryland
318,2017,MD,violent-crime,7942,39.045755,-76.641271,Maryland
319,2018,MD,aggravated-assault,5170,39.045755,-76.641271,Maryland
320,2018,MD,arson,125,39.045755,-76.641271,Maryland
321,2018,MD,burglary,4316,39.045755,-76.641271,Maryland
322,2018,MD,homicide,51,39.045755,-76.641271,Maryland
323,2018,MD,larceny,26603,39.045755,-76.641271,Maryland
324,2018,MD,motor-vehicle-theft,2594,39.045755,-76.641271,Maryland
325,2018,MD,property-crime,33513,39.045755,-76.641271,Maryland
326,2018,MD,rape,187,39.045755,-76.641271,Maryland
327,2018,MD,rape-legacy,0,39.045755,-76.641271,Maryland
328,2018,MD,robbery,1875,39.045755,-76.641271,Maryland
329,2018,MD,violent-crime,7639,39.045755,-76.641271,Maryland
330,2014,ME,aggravated-assault,119,45.253783,-69.44546899999999,Maine
331,2014,ME,arson,13,45.253783,-69.44546899999999,Maine
332,2014,ME,burglary,683,45.253783,-69.44546899999999,Maine
333,2014,ME,homicide,3,45.253783,-69.44546899999999,Maine
334,2014,ME,larceny,2418,45.253783,-69.44546899999999,Maine
335,2014,ME,motor-vehicle-theft,135,45.253783,-69.44546899999999,Maine
336,2014,ME,property-crime,3236,45.253783,-69.44546899999999,Maine
337,2014,ME,rape,33,45.253783,-69.44546899999999,Maine
338,2014,ME,rape-legacy,11,45.253783,-69.44546899999999,Maine
339,2014,ME,robbery,45,45.253783,-69.44546899999999,Maine
340,2014,ME,violent-crime,225,45.253783,-69.44546899999999,Maine
341,2015,ME,aggravated-assault,128,45.253783,-69.44546899999999,Maine
342,2015,ME,arson,13,45.253783,-69.44546899999999,Maine
343,2015,ME,burglary,545,45.253783,-69.44546899999999,Maine
344,2015,ME,homicide,3,45.253783,-69.44546899999999,Maine
345,2015,ME,larceny,2210,45.253783,-69.44546899999999,Maine
346,2015,ME,motor-vehicle-theft,137,45.253783,-69.44546899999999,Maine
347,2015,ME,property-crime,2892,45.253783,-69.44546899999999,Maine
348,2015,ME,rape,36,45.253783,-69.44546899999999,Maine
349,2015,ME,rape-legacy,7,45.253783,-69.44546899999999,Maine
350,2015,ME,robbery,42,45.253783,-69.44546899999999,Maine
351,2015,ME,violent-crime,229,45.253783,-69.44546899999999,Maine
352,2016,ME,aggravated-assault,139,45.253783,-69.44546899999999,Maine
353,2016,ME,arson,11,45.253783,-69.44546899999999,Maine
354,2016,ME,burglary,460,45.253783,-69.44546899999999,Maine
355,2016,ME,homicide,2,45.253783,-69.44546899999999,Maine
356,2016,ME,larceny,2084,45.253783,-69.44546899999999,Maine
357,2016,ME,motor-vehicle-theft,122,45.253783,-69.44546899999999,Maine
358,2016,ME,property-crime,2666,45.253783,-69.44546899999999,Maine
359,2016,ME,rape,37,45.253783,-69.44546899999999,Maine
360,2016,ME,rape-legacy,0,45.253783,-69.44546899999999,Maine
361,2016,ME,robbery,36,45.253783,-69.44546899999999,Maine
362,2016,ME,violent-crime,240,45.253783,-69.44546899999999,Maine
363,2017,ME,aggravated-assault,161,45.253783,-69.44546899999999,Maine
364,2017,ME,arson,14,45.253783,-69.44546899999999,Maine
365,2017,ME,burglary,602,45.253783,-69.44546899999999,Maine
366,2017,ME,homicide,1,45.253783,-69.44546899999999,Maine
367,2017,ME,larceny,2525,45.253783,-69.44546899999999,Maine
368,2017,ME,motor-vehicle-theft,130,45.253783,-69.44546899999999,Maine
369,2017,ME,property-crime,3257,45.253783,-69.44546899999999,Maine
370,2017,ME,rape,59,45.253783,-69.44546899999999,Maine
371,2017,ME,rape-legacy,41,45.253783,-69.44546899999999,Maine
372,2017,ME,robbery,57,45.253783,-69.44546899999999,Maine
373,2017,ME,violent-crime,352,45.253783,-69.44546899999999,Maine
374,2018,ME,aggravated-assault,161,45.253783,-69.44546899999999,Maine
375,2018,ME,arson,15,45.253783,-69.44546899999999,Maine
376,2018,ME,burglary,471,45.253783,-69.44546899999999,Maine
377,2018,ME,homicide,3,45.253783,-69.44546899999999,Maine
378,2018,ME,larceny,2514,45.253783,-69.44546899999999,Maine
379,2018,ME,motor-vehicle-theft,131,45.253783,-69.44546899999999,Maine
380,2018,ME,property-crime,3116,45.253783,-69.44546899999999,Maine
381,2018,ME,rape,40,45.253783,-69.44546899999999,Maine
382,2018,ME,rape-legacy,24,45.253783,-69.44546899999999,Maine
383,2018,ME,robbery,40,45.253783,-69.44546899999999,Maine
384,2018,ME,violent-crime,291,45.253783,-69.44546899999999,Maine
385,2014,NC,aggravated-assault,572,35.759572999999996,-79.0193,North Carolina
386,2014,NC,arson,35,35.759572999999996,-79.0193,North Carolina
387,2014,NC,burglary,2136,35.759572999999996,-79.0193,North Carolina
388,2014,NC,homicide,12,35.759572999999996,-79.0193,North Carolina
389,2014,NC,larceny,4219,35.759572999999996,-79.0193,North Carolina
390,2014,NC,motor-vehicle-theft,275,35.759572999999996,-79.0193,North Carolina
391,2014,NC,property-crime,6630,35.759572999999996,-79.0193,North Carolina
392,2014,NC,rape,0,35.759572999999996,-79.0193,North Carolina
393,2014,NC,rape-legacy,36,35.759572999999996,-79.0193,North Carolina
394,2014,NC,robbery,153,35.759572999999996,-79.0193,North Carolina
395,2014,NC,violent-crime,780,35.759572999999996,-79.0193,North Carolina
396,2015,NC,aggravated-assault,650,35.759572999999996,-79.0193,North Carolina
397,2015,NC,arson,25,35.759572999999996,-79.0193,North Carolina
398,2015,NC,burglary,1729,35.759572999999996,-79.0193,North Carolina
399,2015,NC,homicide,11,35.759572999999996,-79.0193,North Carolina
400,2015,NC,larceny,3612,35.759572999999996,-79.0193,North Carolina
401,2015,NC,motor-vehicle-theft,238,35.759572999999996,-79.0193,North Carolina
402,2015,NC,property-crime,5579,35.759572999999996,-79.0193,North Carolina
403,2015,NC,rape,0,35.759572999999996,-79.0193,North Carolina
404,2015,NC,rape-legacy,39,35.759572999999996,-79.0193,North Carolina
405,2015,NC,robbery,118,35.759572999999996,-79.0193,North Carolina
406,2015,NC,violent-crime,829,35.759572999999996,-79.0193,North Carolina
407,2016,NC,aggravated-assault,712,35.759572999999996,-79.0193,North Carolina
408,2016,NC,arson,20,35.759572999999996,-79.0193,North Carolina
409,2016,NC,burglary,1678,35.759572999999996,-79.0193,North Carolina
410,2016,NC,homicide,15,35.759572999999996,-79.0193,North Carolina
411,2016,NC,larceny,3732,35.759572999999996,-79.0193,North Carolina
412,2016,NC,motor-vehicle-theft,264,35.759572999999996,-79.0193,North Carolina
413,2016,NC,property-crime,5674,35.759572999999996,-79.0193,North Carolina
414,2016,NC,rape,0,35.759572999999996,-79.0193,North Carolina
415,2016,NC,rape-legacy,42,35.759572999999996,-79.0193,North Carolina
416,2016,NC,robbery,114,35.759572999999996,-79.0193,North Carolina
417,2016,NC,violent-crime,889,35.759572999999996,-79.0193,North Carolina
418,2017,NC,aggravated-assault,652,35.759572999999996,-79.0193,North Carolina
419,2017,NC,arson,22,35.759572999999996,-79.0193,North Carolina
420,2017,NC,burglary,1292,35.759572999999996,-79.0193,North Carolina
421,2017,NC,homicide,12,35.759572999999996,-79.0193,North Carolina
422,2017,NC,larceny,3090,35.759572999999996,-79.0193,North Carolina
423,2017,NC,motor-vehicle-theft,228,35.759572999999996,-79.0193,North Carolina
424,2017,NC,property-crime,4610,35.759572999999996,-79.0193,North Carolina
425,2017,NC,rape,34,35.759572999999996,-79.0193,North Carolina
426,2017,NC,rape-legacy,0,35.759572999999996,-79.0193,North Carolina
427,2017,NC,robbery,158,35.759572999999996,-79.0193,North Carolina
428,2017,NC,violent-crime,860,35.759572999999996,-79.0193,North Carolina
429,2018,NC,aggravated-assault,592,35.759572999999996,-79.0193,North Carolina
430,2018,NC,arson,11,35.759572999999996,-79.0193,North Carolina
431,2018,NC,burglary,1127,35.759572999999996,-79.0193,North Carolina
432,2018,NC,homicide,15,35.759572999999996,-79.0193,North Carolina
433,2018,NC,larceny,2481,35.759572999999996,-79.0193,North Carolina
434,2018,NC,motor-vehicle-theft,187,35.759572999999996,-79.0193,North Carolina
435,2018,NC,property-crime,3795,35.759572999999996,-79.0193,North Carolina
436,2018,NC,rape,52,35.759572999999996,-79.0193,North Carolina
437,2018,NC,rape-legacy,0,35.759572999999996,-79.0193,North Carolina
438,2018,NC,robbery,100,35.759572999999996,-79.0193,North Carolina
439,2018,NC,violent-crime,767,35.759572999999996,-79.0193,North Carolina
440,2014,NH,aggravated-assault,126,43.193852,-71.572395,New Hampshire
441,2014,NH,arson,19,43.193852,-71.572395,New Hampshire
442,2014,NH,burglary,340,43.193852,-71.572395,New Hampshire
443,2014,NH,homicide,0,43.193852,-71.572395,New Hampshire
444,2014,NH,larceny,1886,43.193852,-71.572395,New Hampshire
445,2014,NH,motor-vehicle-theft,67,43.193852,-71.572395,New Hampshire
446,2014,NH,property-crime,2293,43.193852,-71.572395,New Hampshire
447,2014,NH,rape,22,43.193852,-71.572395,New Hampshire
448,2014,NH,rape-legacy,0,43.193852,-71.572395,New Hampshire
449,2014,NH,robbery,32,43.193852,-71.572395,New Hampshire
450,2014,NH,violent-crime,211,43.193852,-71.572395,New Hampshire
451,2015,NH,aggravated-assault,104,43.193852,-71.572395,New Hampshire
452,2015,NH,arson,13,43.193852,-71.572395,New Hampshire
453,2015,NH,burglary,319,43.193852,-71.572395,New Hampshire
454,2015,NH,homicide,0,43.193852,-71.572395,New Hampshire
455,2015,NH,larceny,1851,43.193852,-71.572395,New Hampshire
456,2015,NH,motor-vehicle-theft,53,43.193852,-71.572395,New Hampshire
457,2015,NH,property-crime,2223,43.193852,-71.572395,New Hampshire
458,2015,NH,rape,34,43.193852,-71.572395,New Hampshire
459,2015,NH,rape-legacy,0,43.193852,-71.572395,New Hampshire
460,2015,NH,robbery,14,43.193852,-71.572395,New Hampshire
461,2015,NH,violent-crime,173,43.193852,-71.572395,New Hampshire
462,2016,NH,aggravated-assault,114,43.193852,-71.572395,New Hampshire
463,2016,NH,arson,10,43.193852,-71.572395,New Hampshire
464,2016,NH,burglary,262,43.193852,-71.572395,New Hampshire
465,2016,NH,homicide,3,43.193852,-71.572395,New Hampshire
466,2016,NH,larceny,1591,43.193852,-71.572395,New Hampshire
467,2016,NH,motor-vehicle-theft,71,43.193852,-71.572395,New Hampshire
468,2016,NH,property-crime,1924,43.193852,-71.572395,New Hampshire
469,2016,NH,rape,32,43.193852,-71.572395,New Hampshire
470,2016,NH,rape-legacy,0,43.193852,-71.572395,New Hampshire
471,2016,NH,robbery,25,43.193852,-71.572395,New Hampshire
472,2016,NH,violent-crime,186,43.193852,-71.572395,New Hampshire
473,2017,NH,aggravated-assault,122,43.193852,-71.572395,New Hampshire
474,2017,NH,arson,9,43.193852,-71.572395,New Hampshire
475,2017,NH,burglary,235,43.193852,-71.572395,New Hampshire
476,2017,NH,homicide,0,43.193852,-71.572395,New Hampshire
477,2017,NH,larceny,1408,43.193852,-71.572395,New Hampshire
478,2017,NH,motor-vehicle-theft,88,43.193852,-71.572395,New Hampshire
479,2017,NH,property-crime,1731,43.193852,-71.572395,New Hampshire
480,2017,NH,rape,31,43.193852,-71.572395,New Hampshire
481,2017,NH,rape-legacy,20,43.193852,-71.572395,New Hampshire
482,2017,NH,robbery,19,43.193852,-71.572395,New Hampshire
483,2017,NH,violent-crime,230,43.193852,-71.572395,New Hampshire
484,2018,NH,aggravated-assault,91,43.193852,-71.572395,New Hampshire
485,2018,NH,arson,8,43.193852,-71.572395,New Hampshire
486,2018,NH,burglary,219,43.193852,-71.572395,New Hampshire
487,2018,NH,homicide,0,43.193852,-71.572395,New Hampshire
488,2018,NH,larceny,1272,43.193852,-71.572395,New Hampshire
489,2018,NH,motor-vehicle-theft,95,43.193852,-71.572395,New Hampshire
490,2018,NH,property-crime,1586,43.193852,-71.572395,New Hampshire
491,2018,NH,rape,37,43.193852,-71.572395,New Hampshire
492,2018,NH,rape-legacy,26,43.193852,-71.572395,New Hampshire
493,2018,NH,robbery,22,43.193852,-71.572395,New Hampshire
494,2018,NH,violent-crime,200,43.193852,-71.572395,New Hampshire
495,2014,NJ,aggravated-assault,505,40.058324,-74.405661,New Jersey
496,2014,NJ,arson,30,40.058324,-74.405661,New Jersey
497,2014,NJ,burglary,1657,40.058324,-74.405661,New Jersey
498,2014,NJ,homicide,18,40.058324,-74.405661,New Jersey
499,2014,NJ,larceny,6287,40.058324,-74.405661,New Jersey
500,2014,NJ,motor-vehicle-theft,206,40.058324,-74.405661,New Jersey
501,2014,NJ,property-crime,8150,40.058324,-74.405661,New Jersey
502,2014,NJ,rape,0,40.058324,-74.405661,New Jersey
503,2014,NJ,rape-legacy,38,40.058324,-74.405661,New Jersey
504,2014,NJ,robbery,489,40.058324,-74.405661,New Jersey
505,2014,NJ,violent-crime,1067,40.058324,-74.405661,New Jersey
506,2015,NJ,aggravated-assault,547,40.058324,-74.405661,New Jersey
507,2015,NJ,arson,22,40.058324,-74.405661,New Jersey
508,2015,NJ,burglary,1443,40.058324,-74.405661,New Jersey
509,2015,NJ,homicide,19,40.058324,-74.405661,New Jersey
510,2015,NJ,larceny,6075,40.058324,-74.405661,New Jersey
511,2015,NJ,motor-vehicle-theft,226,40.058324,-74.405661,New Jersey
512,2015,NJ,property-crime,7744,40.058324,-74.405661,New Jersey
513,2015,NJ,rape,37,40.058324,-74.405661,New Jersey
514,2015,NJ,rape-legacy,0,40.058324,-74.405661,New Jersey
515,2015,NJ,robbery,514,40.058324,-74.405661,New Jersey
516,2015,NJ,violent-crime,1138,40.058324,-74.405661,New Jersey
517,2016,NJ,aggravated-assault,498,40.058324,-74.405661,New Jersey
518,2016,NJ,arson,20,40.058324,-74.405661,New Jersey
519,2016,NJ,burglary,1336,40.058324,-74.405661,New Jersey
520,2016,NJ,homicide,21,40.058324,-74.405661,New Jersey
521,2016,NJ,larceny,5276,40.058324,-74.405661,New Jersey
522,2016,NJ,motor-vehicle-theft,256,40.058324,-74.405661,New Jersey
523,2016,NJ,property-crime,6868,40.058324,-74.405661,New Jersey
524,2016,NJ,rape,48,40.058324,-74.405661,New Jersey
525,2016,NJ,rape-legacy,0,40.058324,-74.405661,New Jersey
526,2016,NJ,robbery,399,40.058324,-74.405661,New Jersey
527,2016,NJ,violent-crime,982,40.058324,-74.405661,New Jersey
528,2017,NJ,aggravated-assault,428,40.058324,-74.405661,New Jersey
529,2017,NJ,arson,21,40.058324,-74.405661,New Jersey
530,2017,NJ,burglary,1230,40.058324,-74.405661,New Jersey
531,2017,NJ,homicide,21,40.058324,-74.405661,New Jersey
532,2017,NJ,larceny,5435,40.058324,-74.405661,New Jersey
533,2017,NJ,motor-vehicle-theft,278,40.058324,-74.405661,New Jersey
534,2017,NJ,property-crime,6943,40.058324,-74.405661,New Jersey
535,2017,NJ,rape,38,40.058324,-74.405661,New Jersey
536,2017,NJ,rape-legacy,0,40.058324,-74.405661,New Jersey
537,2017,NJ,robbery,344,40.058324,-74.405661,New Jersey
538,2017,NJ,violent-crime,847,40.058324,-74.405661,New Jersey
539,2018,NJ,aggravated-assault,372,40.058324,-74.405661,New Jersey
540,2018,NJ,arson,13,40.058324,-74.405661,New Jersey
541,2018,NJ,burglary,836,40.058324,-74.405661,New Jersey
542,2018,NJ,homicide,16,40.058324,-74.405661,New Jersey
543,2018,NJ,larceny,4151,40.058324,-74.405661,New Jersey
544,2018,NJ,motor-vehicle-theft,187,40.058324,-74.405661,New Jersey
545,2018,NJ,property-crime,5174,40.058324,-74.405661,New Jersey
546,2018,NJ,rape,21,40.058324,-74.405661,New Jersey
547,2018,NJ,rape-legacy,0,40.058324,-74.405661,New Jersey
548,2018,NJ,robbery,227,40.058324,-74.405661,New Jersey
549,2018,NJ,violent-crime,660,40.058324,-74.405661,New Jersey
550,2014,NY,aggravated-assault,700,43.299428000000006,-74.217933,New York
551,2014,NY,arson,34,43.299428000000006,-74.217933,New York
552,2014,NY,burglary,1300,43.299428000000006,-74.217933,New York
553,2014,NY,homicide,12,43.299428000000006,-74.217933,New York
554,2014,NY,larceny,7156,43.299428000000006,-74.217933,New York
555,2014,NY,motor-vehicle-theft,260,43.299428000000006,-74.217933,New York
556,2014,NY,property-crime,8716,43.299428000000006,-74.217933,New York
557,2014,NY,rape,83,43.299428000000006,-74.217933,New York
558,2014,NY,rape-legacy,0,43.299428000000006,-74.217933,New York
559,2014,NY,robbery,318,43.299428000000006,-74.217933,New York
560,2014,NY,violent-crime,1148,43.299428000000006,-74.217933,New York
561,2015,NY,aggravated-assault,666,43.299428000000006,-74.217933,New York
562,2015,NY,arson,13,43.299428000000006,-74.217933,New York
563,2015,NY,burglary,1049,43.299428000000006,-74.217933,New York
564,2015,NY,homicide,6,43.299428000000006,-74.217933,New York
565,2015,NY,larceny,6739,43.299428000000006,-74.217933,New York
566,2015,NY,motor-vehicle-theft,224,43.299428000000006,-74.217933,New York
567,2015,NY,property-crime,8012,43.299428000000006,-74.217933,New York
568,2015,NY,rape,85,43.299428000000006,-74.217933,New York
569,2015,NY,rape-legacy,0,43.299428000000006,-74.217933,New York
570,2015,NY,robbery,287,43.299428000000006,-74.217933,New York
571,2015,NY,violent-crime,1066,43.299428000000006,-74.217933,New York
572,2016,NY,aggravated-assault,741,43.299428000000006,-74.217933,New York
573,2016,NY,arson,12,43.299428000000006,-74.217933,New York
574,2016,NY,burglary,1049,43.299428000000006,-74.217933,New York
575,2016,NY,homicide,3,43.299428000000006,-74.217933,New York
576,2016,NY,larceny,6846,43.299428000000006,-74.217933,New York
577,2016,NY,motor-vehicle-theft,236,43.299428000000006,-74.217933,New York
578,2016,NY,property-crime,8131,43.299428000000006,-74.217933,New York
579,2016,NY,rape,94,43.299428000000006,-74.217933,New York
580,2016,NY,rape-legacy,0,43.299428000000006,-74.217933,New York
581,2016,NY,robbery,296,43.299428000000006,-74.217933,New York
582,2016,NY,violent-crime,1150,43.299428000000006,-74.217933,New York
583,2017,NY,aggravated-assault,999,43.299428000000006,-74.217933,New York
584,2017,NY,arson,33,43.299428000000006,-74.217933,New York
585,2017,NY,burglary,1245,43.299428000000006,-74.217933,New York
586,2017,NY,homicide,12,43.299428000000006,-74.217933,New York
587,2017,NY,larceny,8371,43.299428000000006,-74.217933,New York
588,2017,NY,motor-vehicle-theft,293,43.299428000000006,-74.217933,New York
589,2017,NY,property-crime,9909,43.299428000000006,-74.217933,New York
590,2017,NY,rape,93,43.299428000000006,-74.217933,New York
591,2017,NY,rape-legacy,0,43.299428000000006,-74.217933,New York
592,2017,NY,robbery,405,43.299428000000006,-74.217933,New York
593,2017,NY,violent-crime,1567,43.299428000000006,-74.217933,New York
594,2018,NY,aggravated-assault,966,43.299428000000006,-74.217933,New York
595,2018,NY,arson,35,43.299428000000006,-74.217933,New York
596,2018,NY,burglary,1241,43.299428000000006,-74.217933,New York
597,2018,NY,homicide,16,43.299428000000006,-74.217933,New York
598,2018,NY,larceny,7948,43.299428000000006,-74.217933,New York
599,2018,NY,motor-vehicle-theft,309,43.299428000000006,-74.217933,New York
600,2018,NY,property-crime,9498,43.299428000000006,-74.217933,New York
601,2018,NY,rape,90,43.299428000000006,-74.217933,New York
602,2018,NY,rape-legacy,0,43.299428000000006,-74.217933,New York
603,2018,NY,robbery,341,43.299428000000006,-74.217933,New York
604,2018,NY,violent-crime,1474,43.299428000000006,-74.217933,New York
605,2014,PA,aggravated-assault,151,41.203322,-77.194525,Pennsylvania
606,2014,PA,arson,4,41.203322,-77.194525,Pennsylvania
607,2014,PA,burglary,365,41.203322,-77.194525,Pennsylvania
608,2014,PA,homicide,0,41.203322,-77.194525,Pennsylvania
609,2014,PA,larceny,1719,41.203322,-77.194525,Pennsylvania
610,2014,PA,motor-vehicle-theft,79,41.203322,-77.194525,Pennsylvania
611,2014,PA,property-crime,2163,41.203322,-77.194525,Pennsylvania
612,2014,PA,rape,7,41.203322,-77.194525,Pennsylvania
613,2014,PA,rape-legacy,0,41.203322,-77.194525,Pennsylvania
614,2014,PA,robbery,52,41.203322,-77.194525,Pennsylvania
615,2014,PA,violent-crime,223,41.203322,-77.194525,Pennsylvania
616,2015,PA,aggravated-assault,116,41.203322,-77.194525,Pennsylvania
617,2015,PA,arson,4,41.203322,-77.194525,Pennsylvania
618,2015,PA,burglary,335,41.203322,-77.194525,Pennsylvania
619,2015,PA,homicide,1,41.203322,-77.194525,Pennsylvania
620,2015,PA,larceny,1218,41.203322,-77.194525,Pennsylvania
621,2015,PA,motor-vehicle-theft,43,41.203322,-77.194525,Pennsylvania
622,2015,PA,property-crime,1596,41.203322,-77.194525,Pennsylvania
623,2015,PA,rape,10,41.203322,-77.194525,Pennsylvania
624,2015,PA,rape-legacy,0,41.203322,-77.194525,Pennsylvania
625,2015,PA,robbery,43,41.203322,-77.194525,Pennsylvania
626,2015,PA,violent-crime,198,41.203322,-77.194525,Pennsylvania
627,2016,PA,aggravated-assault,151,41.203322,-77.194525,Pennsylvania
628,2016,PA,arson,12,41.203322,-77.194525,Pennsylvania
629,2016,PA,burglary,260,41.203322,-77.194525,Pennsylvania
630,2016,PA,homicide,4,41.203322,-77.194525,Pennsylvania
631,2016,PA,larceny,1176,41.203322,-77.194525,Pennsylvania
632,2016,PA,motor-vehicle-theft,55,41.203322,-77.194525,Pennsylvania
633,2016,PA,property-crime,1491,41.203322,-77.194525,Pennsylvania
634,2016,PA,rape,9,41.203322,-77.194525,Pennsylvania
635,2016,PA,rape-legacy,0,41.203322,-77.194525,Pennsylvania
636,2016,PA,robbery,35,41.203322,-77.194525,Pennsylvania
637,2016,PA,violent-crime,237,41.203322,-77.194525,Pennsylvania
638,2017,PA,aggravated-assault,141,41.203322,-77.194525,Pennsylvania
639,2017,PA,arson,6,41.203322,-77.194525,Pennsylvania
640,2017,PA,burglary,216,41.203322,-77.194525,Pennsylvania
641,2017,PA,homicide,2,41.203322,-77.194525,Pennsylvania
642,2017,PA,larceny,1164,41.203322,-77.194525,Pennsylvania
643,2017,PA,motor-vehicle-theft,64,41.203322,-77.194525,Pennsylvania
644,2017,PA,property-crime,1444,41.203322,-77.194525,Pennsylvania
645,2017,PA,rape,8,41.203322,-77.194525,Pennsylvania
646,2017,PA,rape-legacy,0,41.203322,-77.194525,Pennsylvania
647,2017,PA,robbery,41,41.203322,-77.194525,Pennsylvania
648,2017,PA,violent-crime,214,41.203322,-77.194525,Pennsylvania
649,2018,PA,aggravated-assault,87,41.203322,-77.194525,Pennsylvania
650,2018,PA,arson,5,41.203322,-77.194525,Pennsylvania
651,2018,PA,burglary,121,41.203322,-77.194525,Pennsylvania
652,2018,PA,homicide,3,41.203322,-77.194525,Pennsylvania
653,2018,PA,larceny,503,41.203322,-77.194525,Pennsylvania
654,2018,PA,motor-vehicle-theft,14,41.203322,-77.194525,Pennsylvania
655,2018,PA,property-crime,638,41.203322,-77.194525,Pennsylvania
656,2018,PA,rape,12,41.203322,-77.194525,Pennsylvania
657,2018,PA,rape-legacy,0,41.203322,-77.194525,Pennsylvania
658,2018,PA,robbery,12,41.203322,-77.194525,Pennsylvania
659,2018,PA,violent-crime,134,41.203322,-77.194525,Pennsylvania
660,2014,RI,aggravated-assault,464,41.580095,-71.477429,Rhode Island
661,2014,RI,arson,64,41.580095,-71.477429,Rhode Island
662,2014,RI,burglary,1573,41.580095,-71.477429,Rhode Island
663,2014,RI,homicide,5,41.580095,-71.477429,Rhode Island
664,2014,RI,larceny,7090,41.580095,-71.477429,Rhode Island
665,2014,RI,motor-vehicle-theft,477,41.580095,-71.477429,Rhode Island
666,2014,RI,property-crime,9140,41.580095,-71.477429,Rhode Island
667,2014,RI,rape,47,41.580095,-71.477429,Rhode Island
668,2014,RI,rape-legacy,0,41.580095,-71.477429,Rhode Island
669,2014,RI,robbery,119,41.580095,-71.477429,Rhode Island
670,2014,RI,violent-crime,718,41.580095,-71.477429,Rhode Island
671,2015,RI,aggravated-assault,434,41.580095,-71.477429,Rhode Island
672,2015,RI,arson,95,41.580095,-71.477429,Rhode Island
673,2015,RI,burglary,1359,41.580095,-71.477429,Rhode Island
674,2015,RI,homicide,10,41.580095,-71.477429,Rhode Island
675,2015,RI,larceny,5971,41.580095,-71.477429,Rhode Island
676,2015,RI,motor-vehicle-theft,450,41.580095,-71.477429,Rhode Island
677,2015,RI,property-crime,7780,41.580095,-71.477429,Rhode Island
678,2015,RI,rape,64,41.580095,-71.477429,Rhode Island
679,2015,RI,rape-legacy,0,41.580095,-71.477429,Rhode Island
680,2015,RI,robbery,135,41.580095,-71.477429,Rhode Island
681,2015,RI,violent-crime,748,41.580095,-71.477429,Rhode Island
682,2016,RI,aggravated-assault,433,41.580095,-71.477429,Rhode Island
683,2016,RI,arson,70,41.580095,-71.477429,Rhode Island
684,2016,RI,burglary,1145,41.580095,-71.477429,Rhode Island
685,2016,RI,homicide,11,41.580095,-71.477429,Rhode Island
686,2016,RI,larceny,5641,41.580095,-71.477429,Rhode Island
687,2016,RI,motor-vehicle-theft,478,41.580095,-71.477429,Rhode Island
688,2016,RI,property-crime,7264,41.580095,-71.477429,Rhode Island
689,2016,RI,rape,59,41.580095,-71.477429,Rhode Island
690,2016,RI,rape-legacy,0,41.580095,-71.477429,Rhode Island
691,2016,RI,robbery,113,41.580095,-71.477429,Rhode Island
692,2016,RI,violent-crime,713,41.580095,-71.477429,Rhode Island
693,2017,RI,aggravated-assault,439,41.580095,-71.477429,Rhode Island
694,2017,RI,arson,68,41.580095,-71.477429,Rhode Island
695,2017,RI,burglary,1083,41.580095,-71.477429,Rhode Island
696,2017,RI,homicide,5,41.580095,-71.477429,Rhode Island
697,2017,RI,larceny,5428,41.580095,-71.477429,Rhode Island
698,2017,RI,motor-vehicle-theft,456,41.580095,-71.477429,Rhode Island
699,2017,RI,property-crime,6967,41.580095,-71.477429,Rhode Island
700,2017,RI,rape,75,41.580095,-71.477429,Rhode Island
701,2017,RI,rape-legacy,50,41.580095,-71.477429,Rhode Island
702,2017,RI,robbery,87,41.580095,-71.477429,Rhode Island
703,2017,RI,violent-crime,817,41.580095,-71.477429,Rhode Island
704,2018,RI,aggravated-assault,393,41.580095,-71.477429,Rhode Island
705,2018,RI,arson,35,41.580095,-71.477429,Rhode Island
706,2018,RI,burglary,909,41.580095,-71.477429,Rhode Island
707,2018,RI,homicide,4,41.580095,-71.477429,Rhode Island
708,2018,RI,larceny,5002,41.580095,-71.477429,Rhode Island
709,2018,RI,motor-vehicle-theft,473,41.580095,-71.477429,Rhode Island
710,2018,RI,property-crime,6384,41.580095,-71.477429,Rhode Island
711,2018,RI,rape,87,41.580095,-71.477429,Rhode Island
712,2018,RI,rape-legacy,68,41.580095,-71.477429,Rhode Island
713,2018,RI,robbery,79,41.580095,-71.477429,Rhode Island
714,2018,RI,violent-crime,792,41.580095,-71.477429,Rhode Island
715,2014,SC,aggravated-assault,1238,33.836081,-81.163725,South Carolina
716,2014,SC,arson,50,33.836081,-81.163725,South Carolina
717,2014,SC,burglary,4254,33.836081,-81.163725,South Carolina
718,2014,SC,homicide,27,33.836081,-81.163725,South Carolina
719,2014,SC,larceny,10421,33.836081,-81.163725,South Carolina
720,2014,SC,motor-vehicle-theft,1429,33.836081,-81.163725,South Carolina
721,2014,SC,property-crime,16104,33.836081,-81.163725,South Carolina
722,2014,SC,rape,114,33.836081,-81.163725,South Carolina
723,2014,SC,rape-legacy,0,33.836081,-81.163725,South Carolina
724,2014,SC,robbery,276,33.836081,-81.163725,South Carolina
725,2014,SC,violent-crime,1744,33.836081,-81.163725,South Carolina
726,2015,SC,aggravated-assault,1327,33.836081,-81.163725,South Carolina
727,2015,SC,arson,48,33.836081,-81.163725,South Carolina
728,2015,SC,burglary,3393,33.836081,-81.163725,South Carolina
729,2015,SC,homicide,34,33.836081,-81.163725,South Carolina
730,2015,SC,larceny,10253,33.836081,-81.163725,South Carolina
731,2015,SC,motor-vehicle-theft,1569,33.836081,-81.163725,South Carolina
732,2015,SC,property-crime,15215,33.836081,-81.163725,South Carolina
733,2015,SC,rape,130,33.836081,-81.163725,South Carolina
734,2015,SC,rape-legacy,0,33.836081,-81.163725,South Carolina
735,2015,SC,robbery,277,33.836081,-81.163725,South Carolina
736,2015,SC,violent-crime,1851,33.836081,-81.163725,South Carolina
737,2016,SC,aggravated-assault,1678,33.836081,-81.163725,South Carolina
738,2016,SC,arson,49,33.836081,-81.163725,South Carolina
739,2016,SC,burglary,3580,33.836081,-81.163725,South Carolina
740,2016,SC,homicide,33,33.836081,-81.163725,South Carolina
741,2016,SC,larceny,10427,33.836081,-81.163725,South Carolina
742,2016,SC,motor-vehicle-theft,1517,33.836081,-81.163725,South Carolina
743,2016,SC,property-crime,15524,33.836081,-81.163725,South Carolina
744,2016,SC,rape,143,33.836081,-81.163725,South Carolina
745,2016,SC,rape-legacy,0,33.836081,-81.163725,South Carolina
746,2016,SC,robbery,291,33.836081,-81.163725,South Carolina
747,2016,SC,violent-crime,2243,33.836081,-81.163725,South Carolina
748,2017,SC,aggravated-assault,1248,33.836081,-81.163725,South Carolina
749,2017,SC,arson,52,33.836081,-81.163725,South Carolina
750,2017,SC,burglary,2589,33.836081,-81.163725,South Carolina
751,2017,SC,homicide,24,33.836081,-81.163725,South Carolina
752,2017,SC,larceny,8755,33.836081,-81.163725,South Carolina
753,2017,SC,motor-vehicle-theft,1285,33.836081,-81.163725,South Carolina
754,2017,SC,property-crime,12629,33.836081,-81.163725,South Carolina
755,2017,SC,rape,135,33.836081,-81.163725,South Carolina
756,2017,SC,rape-legacy,97,33.836081,-81.163725,South Carolina
757,2017,SC,robbery,220,33.836081,-81.163725,South Carolina
758,2017,SC,violent-crime,1851,33.836081,-81.163725,South Carolina
759,2018,SC,aggravated-assault,536,33.836081,-81.163725,South Carolina
760,2018,SC,arson,24,33.836081,-81.163725,South Carolina
761,2018,SC,burglary,1380,33.836081,-81.163725,South Carolina
762,2018,SC,homicide,21,33.836081,-81.163725,South Carolina
763,2018,SC,larceny,3895,33.836081,-81.163725,South Carolina
764,2018,SC,motor-vehicle-theft,549,33.836081,-81.163725,South Carolina
765,2018,SC,property-crime,5824,33.836081,-81.163725,South Carolina
766,2018,SC,rape,139,33.836081,-81.163725,South Carolina
767,2018,SC,rape-legacy,101,33.836081,-81.163725,South Carolina
768,2018,SC,robbery,117,33.836081,-81.163725,South Carolina
769,2018,SC,violent-crime,918,33.836081,-81.163725,South Carolina
770,2014,VA,aggravated-assault,319,37.431573,-78.656894,Virginia
771,2014,VA,arson,23,37.431573,-78.656894,Virginia
772,2014,VA,burglary,641,37.431573,-78.656894,Virginia
773,2014,VA,homicide,11,37.431573,-78.656894,Virginia
774,2014,VA,larceny,5691,37.431573,-78.656894,Virginia
775,2014,VA,motor-vehicle-theft,264,37.431573,-78.656894,Virginia
776,2014,VA,property-crime,6596,37.431573,-78.656894,Virginia
777,2014,VA,rape,53,37.431573,-78.656894,Virginia
778,2014,VA,rape-legacy,0,37.431573,-78.656894,Virginia
779,2014,VA,robbery,140,37.431573,-78.656894,Virginia
780,2014,VA,violent-crime,584,37.431573,-78.656894,Virginia
781,2015,VA,aggravated-assault,312,37.431573,-78.656894,Virginia
782,2015,VA,arson,27,37.431573,-78.656894,Virginia
783,2015,VA,burglary,673,37.431573,-78.656894,Virginia
784,2015,VA,homicide,12,37.431573,-78.656894,Virginia
785,2015,VA,larceny,5114,37.431573,-78.656894,Virginia
786,2015,VA,motor-vehicle-theft,293,37.431573,-78.656894,Virginia
787,2015,VA,property-crime,6080,37.431573,-78.656894,Virginia
788,2015,VA,rape,72,37.431573,-78.656894,Virginia
789,2015,VA,rape-legacy,0,37.431573,-78.656894,Virginia
790,2015,VA,robbery,160,37.431573,-78.656894,Virginia
791,2015,VA,violent-crime,612,37.431573,-78.656894,Virginia
792,2016,VA,aggravated-assault,355,37.431573,-78.656894,Virginia
793,2016,VA,arson,20,37.431573,-78.656894,Virginia
794,2016,VA,burglary,587,37.431573,-78.656894,Virginia
795,2016,VA,homicide,10,37.431573,-78.656894,Virginia
796,2016,VA,larceny,4957,37.431573,-78.656894,Virginia
797,2016,VA,motor-vehicle-theft,319,37.431573,-78.656894,Virginia
798,2016,VA,property-crime,5863,37.431573,-78.656894,Virginia
799,2016,VA,rape,62,37.431573,-78.656894,Virginia
800,2016,VA,rape-legacy,0,37.431573,-78.656894,Virginia
801,2016,VA,robbery,145,37.431573,-78.656894,Virginia
802,2016,VA,violent-crime,656,37.431573,-78.656894,Virginia
803,2017,VA,aggravated-assault,379,37.431573,-78.656894,Virginia
804,2017,VA,arson,16,37.431573,-78.656894,Virginia
805,2017,VA,burglary,529,37.431573,-78.656894,Virginia
806,2017,VA,homicide,13,37.431573,-78.656894,Virginia
807,2017,VA,larceny,4620,37.431573,-78.656894,Virginia
808,2017,VA,motor-vehicle-theft,313,37.431573,-78.656894,Virginia
809,2017,VA,property-crime,5462,37.431573,-78.656894,Virginia
810,2017,VA,rape,76,37.431573,-78.656894,Virginia
811,2017,VA,rape-legacy,52,37.431573,-78.656894,Virginia
812,2017,VA,robbery,110,37.431573,-78.656894,Virginia
813,2017,VA,violent-crime,783,37.431573,-78.656894,Virginia
814,2018,VA,aggravated-assault,423,37.431573,-78.656894,Virginia
815,2018,VA,arson,22,37.431573,-78.656894,Virginia
816,2018,VA,burglary,439,37.431573,-78.656894,Virginia
817,2018,VA,homicide,8,37.431573,-78.656894,Virginia
818,2018,VA,larceny,4475,37.431573,-78.656894,Virginia
819,2018,VA,motor-vehicle-theft,315,37.431573,-78.656894,Virginia
820,2018,VA,property-crime,5229,37.431573,-78.656894,Virginia
821,2018,VA,rape,86,37.431573,-78.656894,Virginia
822,2018,VA,rape-legacy,52,37.431573,-78.656894,Virginia
823,2018,VA,robbery,115,37.431573,-78.656894,Virginia
824,2018,VA,violent-crime,853,37.431573,-78.656894,Virginia
825,2014,VT,aggravated-assault,142,44.558803000000005,-72.577841,Vermont
826,2014,VT,arson,13,44.558803000000005,-72.577841,Vermont
827,2014,VT,burglary,491,44.558803000000005,-72.577841,Vermont
828,2014,VT,homicide,1,44.558803000000005,-72.577841,Vermont
829,2014,VT,larceny,3156,44.558803000000005,-72.577841,Vermont
830,2014,VT,motor-vehicle-theft,21,44.558803000000005,-72.577841,Vermont
831,2014,VT,property-crime,3668,44.558803000000005,-72.577841,Vermont
832,2014,VT,rape,22,44.558803000000005,-72.577841,Vermont
833,2014,VT,rape-legacy,0,44.558803000000005,-72.577841,Vermont
834,2014,VT,robbery,21,44.558803000000005,-72.577841,Vermont
835,2014,VT,violent-crime,196,44.558803000000005,-72.577841,Vermont
836,2015,VT,aggravated-assault,173,44.558803000000005,-72.577841,Vermont
837,2015,VT,arson,8,44.558803000000005,-72.577841,Vermont
838,2015,VT,burglary,625,44.558803000000005,-72.577841,Vermont
839,2015,VT,homicide,2,44.558803000000005,-72.577841,Vermont
840,2015,VT,larceny,3241,44.558803000000005,-72.577841,Vermont
841,2015,VT,motor-vehicle-theft,24,44.558803000000005,-72.577841,Vermont
842,2015,VT,property-crime,3890,44.558803000000005,-72.577841,Vermont
843,2015,VT,rape,21,44.558803000000005,-72.577841,Vermont
844,2015,VT,rape-legacy,0,44.558803000000005,-72.577841,Vermont
845,2015,VT,robbery,52,44.558803000000005,-72.577841,Vermont
846,2015,VT,violent-crime,289,44.558803000000005,-72.577841,Vermont
847,2016,VT,aggravated-assault,211,44.558803000000005,-72.577841,Vermont
848,2016,VT,arson,13,44.558803000000005,-72.577841,Vermont
849,2016,VT,burglary,496,44.558803000000005,-72.577841,Vermont
850,2016,VT,homicide,2,44.558803000000005,-72.577841,Vermont
851,2016,VT,larceny,3224,44.558803000000005,-72.577841,Vermont
852,2016,VT,motor-vehicle-theft,27,44.558803000000005,-72.577841,Vermont
853,2016,VT,property-crime,3747,44.558803000000005,-72.577841,Vermont
854,2016,VT,rape,7,44.558803000000005,-72.577841,Vermont
855,2016,VT,rape-legacy,0,44.558803000000005,-72.577841,Vermont
856,2016,VT,robbery,38,44.558803000000005,-72.577841,Vermont
857,2016,VT,violent-crime,300,44.558803000000005,-72.577841,Vermont
858,2017,VT,aggravated-assault,232,44.558803000000005,-72.577841,Vermont
859,2017,VT,arson,9,44.558803000000005,-72.577841,Vermont
860,2017,VT,burglary,549,44.558803000000005,-72.577841,Vermont
861,2017,VT,homicide,3,44.558803000000005,-72.577841,Vermont
862,2017,VT,larceny,2827,44.558803000000005,-72.577841,Vermont
863,2017,VT,motor-vehicle-theft,48,44.558803000000005,-72.577841,Vermont
864,2017,VT,property-crime,3424,44.558803000000005,-72.577841,Vermont
865,2017,VT,rape,5,44.558803000000005,-72.577841,Vermont
866,2017,VT,rape-legacy,5,44.558803000000005,-72.577841,Vermont
867,2017,VT,robbery,35,44.558803000000005,-72.577841,Vermont
868,2017,VT,violent-crime,387,44.558803000000005,-72.577841,Vermont
869,2018,VT,aggravated-assault,203,44.558803000000005,-72.577841,Vermont
870,2018,VT,arson,12,44.558803000000005,-72.577841,Vermont
871,2018,VT,burglary,407,44.558803000000005,-72.577841,Vermont
872,2018,VT,homicide,2,44.558803000000005,-72.577841,Vermont
873,2018,VT,larceny,2544,44.558803000000005,-72.577841,Vermont
874,2018,VT,motor-vehicle-theft,52,44.558803000000005,-72.577841,Vermont
875,2018,VT,property-crime,3003,44.558803000000005,-72.577841,Vermont
876,2018,VT,rape,10,44.558803000000005,-72.577841,Vermont
877,2018,VT,rape-legacy,9,44.558803000000005,-72.577841,Vermont
878,2018,VT,robbery,26,44.558803000000005,-72.577841,Vermont
879,2018,VT,violent-crime,377,44.558803000000005,-72.577841,Vermont
880,2014,WV,aggravated-assault,163,38.597626,-80.454903,West Virginia
881,2014,WV,arson,12,38.597626,-80.454903,West Virginia
882,2014,WV,burglary,821,38.597626,-80.454903,West Virginia
883,2014,WV,homicide,10,38.597626,-80.454903,West Virginia
884,2014,WV,larceny,2500,38.597626,-80.454903,West Virginia
885,2014,WV,motor-vehicle-theft,157,38.597626,-80.454903,West Virginia
886,2014,WV,property-crime,3478,38.597626,-80.454903,West Virginia
887,2014,WV,rape,18,38.597626,-80.454903,West Virginia
888,2014,WV,rape-legacy,0,38.597626,-80.454903,West Virginia
889,2014,WV,robbery,39,38.597626,-80.454903,West Virginia
890,2014,WV,violent-crime,246,38.597626,-80.454903,West Virginia
891,2015,WV,aggravated-assault,322,38.597626,-80.454903,West Virginia
892,2015,WV,arson,24,38.597626,-80.454903,West Virginia
893,2015,WV,burglary,854,38.597626,-80.454903,West Virginia
894,2015,WV,homicide,7,38.597626,-80.454903,West Virginia
895,2015,WV,larceny,3007,38.597626,-80.454903,West Virginia
896,2015,WV,motor-vehicle-theft,138,38.597626,-80.454903,West Virginia
897,2015,WV,property-crime,3999,38.597626,-80.454903,West Virginia
898,2015,WV,rape,23,38.597626,-80.454903,West Virginia
899,2015,WV,rape-legacy,0,38.597626,-80.454903,West Virginia
900,2015,WV,robbery,65,38.597626,-80.454903,West Virginia
901,2015,WV,violent-crime,429,38.597626,-80.454903,West Virginia
902,2016,WV,aggravated-assault,502,38.597626,-80.454903,West Virginia
903,2016,WV,arson,33,38.597626,-80.454903,West Virginia
904,2016,WV,burglary,1519,38.597626,-80.454903,West Virginia
905,2016,WV,homicide,8,38.597626,-80.454903,West Virginia
906,2016,WV,larceny,4089,38.597626,-80.454903,West Virginia
907,2016,WV,motor-vehicle-theft,268,38.597626,-80.454903,West Virginia
908,2016,WV,property-crime,5876,38.597626,-80.454903,West Virginia
909,2016,WV,rape,31,38.597626,-80.454903,West Virginia
910,2016,WV,rape-legacy,0,38.597626,-80.454903,West Virginia
911,2016,WV,robbery,181,38.597626,-80.454903,West Virginia
912,2016,WV,violent-crime,764,38.597626,-80.454903,West Virginia
913,2017,WV,aggravated-assault,417,38.597626,-80.454903,West Virginia
914,2017,WV,arson,35,38.597626,-80.454903,West Virginia
915,2017,WV,burglary,1083,38.597626,-80.454903,West Virginia
916,2017,WV,homicide,20,38.597626,-80.454903,West Virginia
917,2017,WV,larceny,3455,38.597626,-80.454903,West Virginia
918,2017,WV,motor-vehicle-theft,314,38.597626,-80.454903,West Virginia
919,2017,WV,property-crime,4852,38.597626,-80.454903,West Virginia
920,2017,WV,rape,31,38.597626,-80.454903,West Virginia
921,2017,WV,rape-legacy,23,38.597626,-80.454903,West Virginia
922,2017,WV,robbery,181,38.597626,-80.454903,West Virginia
923,2017,WV,violent-crime,798,38.597626,-80.454903,West Virginia
924,2018,WV,aggravated-assault,397,38.597626,-80.454903,West Virginia
925,2018,WV,arson,28,38.597626,-80.454903,West Virginia
926,2018,WV,burglary,825,38.597626,-80.454903,West Virginia
927,2018,WV,homicide,10,38.597626,-80.454903,West Virginia
928,2018,WV,larceny,2685,38.597626,-80.454903,West Virginia
929,2018,WV,motor-vehicle-theft,206,38.597626,-80.454903,West Virginia
930,2018,WV,property-crime,3716,38.597626,-80.454903,West Virginia
931,2018,WV,rape,22,38.597626,-80.454903,West Virginia
932,2018,WV,rape-legacy,19,38.597626,-80.454903,West Virginia
933,2018,WV,robbery,116,38.597626,-80.454903,West Virginia
934,2018,WV,violent-crime,685,38.597626,-80.454903,West Virginia
